Region,BEV_Units_Corr,BEV_Revenue_Corr,BEV_Start,BEV_End,BEV_Growth_2018_2025,BEV_Trend_Slope
China,0.9581662723549093,0.9526241132400493,0.020177083333333335,0.19417708333333336,0.17400000000000002,0.024984250992062165
RestOfWorld,0.7946003208143554,0.7973954754902128,0.02002083333333333,0.19372916666666665,0.17370833333333333,0.02491517857142726
Europe,0.843757164990384,0.8150295687327943,0.02140625,0.19504166666666667,0.17363541666666665,0.024935515873014544
USA,0.9785163441480167,0.9808210404338628,0.021010416666666667,0.19415625,0.17314583333333333,0.025006572420633578
