Region,Units_vs_GDP,Units_vs_Fuel,Revenue_vs_GDP,Revenue_vs_Fuel
China,0.3905724268035447,-0.5395019284406607,0.4224047474357683,-0.5320019731375756
Europe,-0.28742723636543543,-0.24550938938813271,-0.2763735903151458,-0.253426162388069
RestOfWorld,-0.1429633611165532,0.11472748565128707,-0.16863720423572273,0.2408903489506731
USA,0.005156869254558728,-0.0788880401514546,0.010943597561237061,-0.04853308939582507
